Name,Phone,Address,Location
Chattels Realty Consultants..,9104445543554,"Old 6/2 New 11/2 Casa Blanca Ground Floor, Casa Major Road, Egmore, Chennai - 600008, Opposite Guild Of Service and Madras School Of Social Work",
Ssk Smart Move Logistics Pv..,918610942205,"No 79 Tiruneermalai Main Road, Nagalkani, Chromepet, Chennai - 600044, Near Ponds Company",
Commercial leasing & Wareho..,07947247248,"Central Town, Jalandhar - 144001, Near Bus Stand",
Honey Bee Enterprises,07947155411,"No 49/2, Yeshwanthpur, Bangalore - 560022, Near Asare Hotel",
Navadurga Transport Co,07947073517,"No C315 New No 30, 3rd Cross Road, Yeshwanthpura, Bangalore - 560037, Opposite to ESI Office",
Warehousing Express Logisti..,07947460573,"94/3 Koralur, Hoskotae Tq, Kasaba, Kadugodi, Kadugodi, Bangalore - 560067",
Arora Warehouse And Logisti..,07947156131,"No A 36/37, Yeshwanthpur Industrial Area, Yeshwanthpur, Bangalore - 560022, Near Kanteerva Studio",
Express Machines And Scaffo..,07947301123,"Plot No. 110/111, Sancoale Industrial Estate, Sancoale, Goa, Zuarinagar, Sancoale, Goa - 403710, Near Birla",
R K Warehousing And Leasing,07947289596,"194, Cement Road, Shivaji Nagar, Nagpur - 440010, Near R K Business Centre",
Baphana Warehousing Pvt Ltd,07947252358,"Gat No 103, Ambhe Hills, Mumbai Agra Highway, Jaulke, Nashik - 422207, Jaulke Dindori",
Chattels Realty Consultants..,9104445543554,"Old 6/2 New 11/2 Casa Blanca Ground Floor, Casa Major Road, Egmore, Chennai - 600008, Opposite Guild Of Service and Madras School Of Social Work",
Ssk Smart Move Logistics Pv..,918610942205,"No 79 Tiruneermalai Main Road, Nagalkani, Chromepet, Chennai - 600044, Near Ponds Company",
Commercial leasing & Wareho..,07947247248,"Central Town, Jalandhar - 144001, Near Bus Stand",
Honey Bee Enterprises,07947155411,"No 49/2, Yeshwanthpur, Bangalore - 560022, Near Asare Hotel",
Navadurga Transport Co,07947073517,"No C315 New No 30, 3rd Cross Road, Yeshwanthpura, Bangalore - 560037, Opposite to ESI Office",
Arora Warehouse And Logisti..,07947156131,"No A 36/37, Yeshwanthpur Industrial Area, Yeshwanthpur, Bangalore - 560022, Near Kanteerva Studio",
Warehousing Express Logisti..,07947460573,"94/3 Koralur, Hoskotae Tq, Kasaba, Kadugodi, Kadugodi, Bangalore - 560067",
Express Machines And Scaffo..,07947301123,"Plot No. 110/111, Sancoale Industrial Estate, Sancoale, Goa, Zuarinagar, Sancoale, Goa - 403710, Near Birla",
R K Warehousing And Leasing,07947289596,"194, Cement Road, Shivaji Nagar, Nagpur - 440010, Near R K Business Centre",
Jsr Enterprises,07947186593,"G/5 Gala No 102, Parasnath Complex, Dapoda Road, Bhiwandi, Thane - 421302, Near Val-pada Village",
Chattels Realty Consultants..,9104445543554,"Old 6/2 New 11/2 Casa Blanca Ground Floor, Casa Major Road, Egmore, Chennai - 600008, Opposite Guild Of Service and Madras School Of Social Work",
Ssk Smart Move Logistics Pv..,918610942205,"No 79 Tiruneermalai Main Road, Nagalkani, Chromepet, Chennai - 600044, Near Ponds Company",
Commercial leasing & Wareho..,07947247248,"Central Town, Jalandhar - 144001, Near Bus Stand",
Honey Bee Enterprises,07947155411,"No 49/2, Yeshwanthpur, Bangalore - 560022, Near Asare Hotel",
Navadurga Transport Co,07947073517,"No C315 New No 30, 3rd Cross Road, Yeshwanthpura, Bangalore - 560037, Opposite to ESI Office",
Warehousing Express Logisti..,07947460573,"94/3 Koralur, Hoskotae Tq, Kasaba, Kadugodi, Kadugodi, Bangalore - 560067",
Arora Warehouse And Logisti..,07947156131,"No A 36/37, Yeshwanthpur Industrial Area, Yeshwanthpur, Bangalore - 560022, Near Kanteerva Studio",
Express Machines And Scaffo..,07947301123,"Plot No. 110/111, Sancoale Industrial Estate, Sancoale, Goa, Zuarinagar, Sancoale, Goa - 403710, Near Birla",
R K Warehousing And Leasing,07947289596,"194, Cement Road, Shivaji Nagar, Nagpur - 440010, Near R K Business Centre",
Baphana Warehousing Pvt Ltd,07947252358,"Gat No 103, Ambhe Hills, Mumbai Agra Highway, Jaulke, Nashik - 422207, Jaulke Dindori",
Chattels Realty Consultants..,9104445543554,"Old 6/2 New 11/2 Casa Blanca Ground Floor, Casa Major Road, Egmore, Chennai - 600008, Opposite Guild Of Service and Madras School Of Social Work",
Ssk Smart Move Logistics Pv..,918610942205,"No 79 Tiruneermalai Main Road, Nagalkani, Chromepet, Chennai - 600044, Near Ponds Company",
Commercial leasing & Wareho..,07947247248,"Central Town, Jalandhar - 144001, Near Bus Stand",
Navadurga Transport Co,07947073517,"No C315 New No 30, 3rd Cross Road, Yeshwanthpura, Bangalore - 560037, Opposite to ESI Office",
Honey Bee Enterprises,07947155411,"No 49/2, Yeshwanthpur, Bangalore - 560022, Near Asare Hotel",
Warehousing Express Logisti..,07947460573,"94/3 Koralur, Hoskotae Tq, Kasaba, Kadugodi, Kadugodi, Bangalore - 560067",
Arora Warehouse And Logisti..,07947156131,"No A 36/37, Yeshwanthpur Industrial Area, Yeshwanthpur, Bangalore - 560022, Near Kanteerva Studio",
Express Machines And Scaffo..,07947301123,"Plot No. 110/111, Sancoale Industrial Estate, Sancoale, Goa, Zuarinagar, Sancoale, Goa - 403710, Near Birla",
R K Warehousing And Leasing,07947289596,"194, Cement Road, Shivaji Nagar, Nagpur - 440010, Near R K Business Centre",
Baphana Warehousing Pvt Ltd,07947252358,"Gat No 103, Ambhe Hills, Mumbai Agra Highway, Jaulke, Nashik - 422207, Jaulke Dindori",
Chattels Realty Consultants..,9104445543554,"Old 6/2 New 11/2 Casa Blanca Ground Floor, Casa Major Road, Egmore, Chennai - 600008, Opposite Guild Of Service and Madras School Of Social Work",
Ssk Smart Move Logistics Pv..,918610942205,"No 79 Tiruneermalai Main Road, Nagalkani, Chromepet, Chennai - 600044, Near Ponds Company",
Commercial leasing & Wareho..,07947247248,"Central Town, Jalandhar - 144001, Near Bus Stand",
Honey Bee Enterprises,07947155411,"No 49/2, Yeshwanthpur, Bangalore - 560022, Near Asare Hotel",
Navadurga Transport Co,07947073517,"No C315 New No 30, 3rd Cross Road, Yeshwanthpura, Bangalore - 560037, Opposite to ESI Office",
Arora Warehouse And Logisti..,07947156131,"No A 36/37, Yeshwanthpur Industrial Area, Yeshwanthpur, Bangalore - 560022, Near Kanteerva Studio",
Warehousing Express Logisti..,07947460573,"94/3 Koralur, Hoskotae Tq, Kasaba, Kadugodi, Kadugodi, Bangalore - 560067",
Express Machines And Scaffo..,07947301123,"Plot No. 110/111, Sancoale Industrial Estate, Sancoale, Goa, Zuarinagar, Sancoale, Goa - 403710, Near Birla",
R K Warehousing And Leasing,07947289596,"194, Cement Road, Shivaji Nagar, Nagpur - 440010, Near R K Business Centre",
Baphana Warehousing Pvt Ltd,07947252358,"Gat No 103, Ambhe Hills, Mumbai Agra Highway, Jaulke, Nashik - 422207, Jaulke Dindori",
Chattels Realty Consultants..,9104445543554,"Old 6/2 New 11/2 Casa Blanca Ground Floor, Casa Major Road, Egmore, Chennai - 600008, Opposite Guild Of Service and Madras School Of Social Work",
Ssk Smart Move Logistics Pv..,918610942205,"No 79 Tiruneermalai Main Road, Nagalkani, Chromepet, Chennai - 600044, Near Ponds Company",
Commercial leasing & Wareho..,07947247248,"Central Town, Jalandhar - 144001, Near Bus Stand",
Honey Bee Enterprises,07947155411,"No 49/2, Yeshwanthpur, Bangalore - 560022, Near Asare Hotel",
Navadurga Transport Co,07947073517,"No C315 New No 30, 3rd Cross Road, Yeshwanthpura, Bangalore - 560037, Opposite to ESI Office",
Arora Warehouse And Logisti..,07947156131,"No A 36/37, Yeshwanthpur Industrial Area, Yeshwanthpur, Bangalore - 560022, Near Kanteerva Studio",
Warehousing Express Logisti..,07947460573,"94/3 Koralur, Hoskotae Tq, Kasaba, Kadugodi, Kadugodi, Bangalore - 560067",
Express Machines And Scaffo..,07947301123,"Plot No. 110/111, Sancoale Industrial Estate, Sancoale, Goa, Zuarinagar, Sancoale, Goa - 403710, Near Birla",
R K Warehousing And Leasing,07947289596,"194, Cement Road, Shivaji Nagar, Nagpur - 440010, Near R K Business Centre",
Baphana Warehousing Pvt Ltd,07947252358,"Gat No 103, Ambhe Hills, Mumbai Agra Highway, Jaulke, Nashik - 422207, Jaulke Dindori",
Chattels Realty Consultants..,9104445543554,"Old 6/2 New 11/2 Casa Blanca Ground Floor, Casa Major Road, Egmore, Chennai - 600008, Opposite Guild Of Service and Madras School Of Social Work",
Ssk Smart Move Logistics Pv..,918610942205,"No 79 Tiruneermalai Main Road, Nagalkani, Chromepet, Chennai - 600044, Near Ponds Company",
Commercial leasing & Wareho..,07947247248,"Central Town, Jalandhar - 144001, Near Bus Stand",
Honey Bee Enterprises,07947155411,"No 49/2, Yeshwanthpur, Bangalore - 560022, Near Asare Hotel",
Navadurga Transport Co,07947073517,"No C315 New No 30, 3rd Cross Road, Yeshwanthpura, Bangalore - 560037, Opposite to ESI Office",
Arora Warehouse And Logisti..,07947156131,"No A 36/37, Yeshwanthpur Industrial Area, Yeshwanthpur, Bangalore - 560022, Near Kanteerva Studio",
Warehousing Express Logisti..,07947460573,"94/3 Koralur, Hoskotae Tq, Kasaba, Kadugodi, Kadugodi, Bangalore - 560067",
Express Machines And Scaffo..,07947301123,"Plot No. 110/111, Sancoale Industrial Estate, Sancoale, Goa, Zuarinagar, Sancoale, Goa - 403710, Near Birla",
R K Warehousing And Leasing,07947289596,"194, Cement Road, Shivaji Nagar, Nagpur - 440010, Near R K Business Centre",
Baphana Warehousing Pvt Ltd,07947252358,"Gat No 103, Ambhe Hills, Mumbai Agra Highway, Jaulke, Nashik - 422207, Jaulke Dindori",
Chattels Realty Consultants..,9104445543554,"Old 6/2 New 11/2 Casa Blanca Ground Floor, Casa Major Road, Egmore, Chennai - 600008, Opposite Guild Of Service and Madras School Of Social Work",
Ssk Smart Move Logistics Pv..,918610942205,"No 79 Tiruneermalai Main Road, Nagalkani, Chromepet, Chennai - 600044, Near Ponds Company",
Commercial leasing & Wareho..,07947247248,"Central Town, Jalandhar - 144001, Near Bus Stand",
Navadurga Transport Co,07947073517,"No C315 New No 30, 3rd Cross Road, Yeshwanthpura, Bangalore - 560037, Opposite to ESI Office",
Warehousing Express Logisti..,07947460573,"94/3 Koralur, Hoskotae Tq, Kasaba, Kadugodi, Kadugodi, Bangalore - 560067",
Honey Bee Enterprises,07947155411,"No 49/2, Yeshwanthpur, Bangalore - 560022, Near Asare Hotel",
Arora Warehouse And Logisti..,07947156131,"No A 36/37, Yeshwanthpur Industrial Area, Yeshwanthpur, Bangalore - 560022, Near Kanteerva Studio",
Express Machines And Scaffo..,07947301123,"Plot No. 110/111, Sancoale Industrial Estate, Sancoale, Goa, Zuarinagar, Sancoale, Goa - 403710, Near Birla",
R K Warehousing And Leasing,07947289596,"194, Cement Road, Shivaji Nagar, Nagpur - 440010, Near R K Business Centre",
Baphana Warehousing Pvt Ltd,07947252358,"Gat No 103, Ambhe Hills, Mumbai Agra Highway, Jaulke, Nashik - 422207, Jaulke Dindori",
Chattels Realty Consultants..,9104445543554,"Old 6/2 New 11/2 Casa Blanca Ground Floor, Casa Major Road, Egmore, Chennai - 600008, Opposite Guild Of Service and Madras School Of Social Work",
Ssk Smart Move Logistics Pv..,918610942205,"No 79 Tiruneermalai Main Road, Nagalkani, Chromepet, Chennai - 600044, Near Ponds Company",
Commercial leasing & Wareho..,07947247248,"Central Town, Jalandhar - 144001, Near Bus Stand",
Honey Bee Enterprises,07947155411,"No 49/2, Yeshwanthpur, Bangalore - 560022, Near Asare Hotel",
Warehousing Express Logisti..,07947460573,"94/3 Koralur, Hoskotae Tq, Kasaba, Kadugodi, Kadugodi, Bangalore - 560067",
Arora Warehouse And Logisti..,07947156131,"No A 36/37, Yeshwanthpur Industrial Area, Yeshwanthpur, Bangalore - 560022, Near Kanteerva Studio",
Navadurga Transport Co,07947073517,"No C315 New No 30, 3rd Cross Road, Yeshwanthpura, Bangalore - 560037, Opposite to ESI Office",
Express Machines And Scaffo..,07947301123,"Plot No. 110/111, Sancoale Industrial Estate, Sancoale, Goa, Zuarinagar, Sancoale, Goa - 403710, Near Birla",
R K Warehousing And Leasing,07947289596,"194, Cement Road, Shivaji Nagar, Nagpur - 440010, Near R K Business Centre",
Baphana Warehousing Pvt Ltd,07947252358,"Gat No 103, Ambhe Hills, Mumbai Agra Highway, Jaulke, Nashik - 422207, Jaulke Dindori",
Chattels Realty Consultants..,9104445543554,"Old 6/2 New 11/2 Casa Blanca Ground Floor, Casa Major Road, Egmore, Chennai - 600008, Opposite Guild Of Service and Madras School Of Social Work",
Ssk Smart Move Logistics Pv..,918610942205,"No 79 Tiruneermalai Main Road, Nagalkani, Chromepet, Chennai - 600044, Near Ponds Company",
Commercial leasing & Wareho..,07947247248,"Central Town, Jalandhar - 144001, Near Bus Stand",
Honey Bee Enterprises,07947155411,"No 49/2, Yeshwanthpur, Bangalore - 560022, Near Asare Hotel",
Navadurga Transport Co,07947073517,"No C315 New No 30, 3rd Cross Road, Yeshwanthpura, Bangalore - 560037, Opposite to ESI Office",
Warehousing Express Logisti..,07947460573,"94/3 Koralur, Hoskotae Tq, Kasaba, Kadugodi, Kadugodi, Bangalore - 560067",
Arora Warehouse And Logisti..,07947156131,"No A 36/37, Yeshwanthpur Industrial Area, Yeshwanthpur, Bangalore - 560022, Near Kanteerva Studio",
Express Machines And Scaffo..,07947301123,"Plot No. 110/111, Sancoale Industrial Estate, Sancoale, Goa, Zuarinagar, Sancoale, Goa - 403710, Near Birla",
R K Warehousing And Leasing,07947289596,"194, Cement Road, Shivaji Nagar, Nagpur - 440010, Near R K Business Centre",
Baphana Warehousing Pvt Ltd,07947252358,"Gat No 103, Ambhe Hills, Mumbai Agra Highway, Jaulke, Nashik - 422207, Jaulke Dindori",
